,ChangeID,ProductID,StoreID,ChangeType,Quantity,ChangeDate
0,1,1,1,Add,15,2024-03-28
1,2,2,1,Remove,13,2023-08-16
2,3,3,1,Add,28,2023-11-15
3,4,4,1,Add,3,2023-10-27
4,5,5,1,Remove,70,2024-05-02
5,6,6,1,Add,49,2024-04-10
6,7,7,1,Remove,11,2024-06-28
7,8,8,1,Add,7,2023-09-07
8,9,9,1,Remove,9,2024-01-08
9,10,10,1,Remove,85,2023-08-17
10,11,11,1,Remove,90,2023-10-26
11,12,12,1,Remove,7,2024-02-07
12,13,13,1,Remove,56,2023-08-16
13,14,14,1,Add,26,2023-10-18
14,15,15,1,Add,46,2024-03-31
15,16,16,1,Add,51,2024-02-22
16,17,17,1,Remove,25,2023-10-26
17,18,18,1,Remove,20,2024-03-09
18,19,19,1,Add,12,2024-05-29
19,20,20,1,Remove,78,2023-08-09
20,21,21,1,Add,50,2024-05-27
21,22,22,1,Remove,93,2024-04-18
22,23,23,1,Remove,87,2023-12-09
23,24,24,1,Remove,56,2023-10-02
24,25,25,1,Add,86,2024-07-22
25,26,26,1,Remove,66,2023-12-08
26,27,27,1,Add,45,2023-09-09
27,28,28,1,Remove,17,2023-09-11
28,29,29,1,Add,57,2024-06-12
29,30,30,1,Add,35,2024-03-14
30,31,31,1,Add,57,2024-05-28
31,32,32,1,Add,53,2024-04-30
32,33,33,1,Remove,24,2024-02-19
33,34,34,1,Remove,84,2024-07-28
34,35,35,1,Remove,63,2023-12-23
35,36,36,1,Add,28,2024-02-25
36,37,37,1,Add,19,2024-06-05
37,38,38,1,Add,29,2024-03-20
38,39,39,1,Add,91,2024-06-17
39,40,40,1,Remove,47,2024-03-05
40,41,41,1,Remove,78,2024-04-20
41,42,42,1,Remove,47,2023-08-23
42,43,43,1,Remove,49,2023-10-29
43,44,44,1,Add,54,2023-11-20
44,45,45,1,Remove,51,2023-09-05
45,46,46,1,Remove,49,2023-10-31
46,47,47,1,Add,18,2023-09-12
47,48,48,1,Add,64,2023-11-16
48,49,49,1,Remove,57,2024-03-26
49,50,50,1,Add,85,2023-12-18
50,51,51,1,Add,1,2023-12-20
51,52,52,1,Remove,8,2023-10-22
52,53,53,1,Remove,85,2023-11-12
53,54,54,1,Remove,22,2024-07-14
54,55,55,1,Add,66,2024-03-31
55,56,56,1,Add,3,2024-03-16
56,57,57,1,Add,31,2023-10-08
57,58,58,1,Remove,57,2024-04-29
58,59,59,1,Add,28,2023-10-05
59,60,60,1,Add,78,2023-12-23
60,61,61,1,Remove,88,2024-08-03
61,62,62,1,Remove,78,2024-03-28
62,63,63,1,Add,31,2024-02-26
63,64,64,1,Remove,42,2024-04-13
64,65,65,1,Add,63,2024-06-10
65,66,66,1,Remove,52,2024-05-17
66,67,67,1,Add,12,2023-10-29
67,68,68,1,Add,90,2023-08-18
68,69,69,1,Remove,58,2023-11-30
69,70,70,1,Remove,64,2023-11-12
70,71,71,1,Add,14,2023-10-23
71,72,72,1,Add,14,2024-07-17
72,73,73,1,Add,16,2024-06-22
73,74,74,1,Remove,14,2023-11-30
74,75,75,1,Remove,49,2024-04-02
75,76,76,1,Add,32,2023-12-29
76,77,77,1,Add,94,2024-07-06
77,78,78,1,Add,41,2024-01-21
78,79,79,1,Remove,45,2023-11-11
79,80,80,1,Remove,100,2023-11-05
80,81,81,1,Add,75,2024-02-28
81,82,82,1,Remove,74,2023-11-11
82,83,83,1,Remove,11,2024-03-07
83,84,84,1,Add,68,2024-06-30
84,85,85,1,Remove,74,2023-12-31
85,86,86,1,Add,45,2023-10-26
86,87,87,1,Add,72,2024-08-06
87,88,88,1,Remove,24,2024-02-09
88,89,89,1,Remove,39,2023-09-09
89,90,90,1,Remove,57,2023-08-24
90,91,91,1,Remove,73,2023-09-16
91,92,92,1,Remove,10,2024-03-23
92,93,93,1,Add,68,2024-05-22
93,94,94,1,Remove,9,2024-01-08
94,95,95,1,Remove,27,2023-08-30
95,96,96,1,Add,47,2023-12-24
96,97,97,1,Add,57,2024-08-05
97,98,98,1,Remove,40,2024-02-16
98,99,99,1,Remove,35,2024-07-27
99,100,100,1,Remove,85,2024-06-17
100,101,101,1,Add,48,2023-08-11
101,102,102,1,Add,11,2024-04-26
102,103,103,1,Add,3,2024-04-12
103,104,104,1,Add,21,2024-02-19
104,105,105,1,Remove,64,2023-11-12
105,106,106,1,Remove,53,2024-03-28
106,107,107,1,Remove,92,2023-09-16
107,108,108,1,Add,85,2024-01-13
108,109,109,1,Add,45,2024-01-20
109,110,110,1,Add,75,2024-07-21
110,111,111,1,Remove,38,2024-06-22
111,112,112,1,Add,41,2023-11-11
112,113,113,1,Remove,95,2024-02-06
113,114,114,1,Remove,63,2023-10-11
114,115,115,1,Add,57,2024-07-06
115,116,116,1,Add,79,2024-06-20
116,117,117,1,Add,91,2023-11-24
117,118,118,1,Add,34,2024-03-27
118,119,119,1,Remove,53,2024-03-16
119,120,120,1,Add,75,2023-10-01
120,121,121,1,Add,6,2024-05-12
121,122,122,1,Add,84,2024-02-20
122,123,123,1,Remove,22,2024-05-17
123,124,124,1,Remove,3,2024-02-17
124,125,125,1,Add,52,2023-08-07
125,126,126,1,Remove,100,2023-12-03
126,127,127,1,Remove,25,2023-08-14
127,128,128,1,Add,38,2024-07-12
128,129,129,1,Remove,64,2024-06-23
129,130,130,1,Add,64,2024-06-06
130,131,131,1,Remove,82,2023-11-27
131,132,132,1,Remove,64,2023-08-28
132,133,133,1,Add,37,2024-06-23
133,134,134,1,Remove,25,2024-07-18
134,135,135,1,Add,77,2023-09-07
135,136,136,1,Add,95,2024-01-31
136,137,137,1,Add,6,2023-09-01
137,138,138,1,Remove,70,2024-05-11
138,139,139,1,Add,84,2024-05-13
139,140,140,1,Remove,64,2023-09-22
140,141,141,1,Add,81,2024-01-27
141,142,142,1,Add,6,2024-02-24
142,143,143,1,Remove,21,2023-11-12
143,144,144,1,Add,72,2024-06-21
144,145,145,1,Add,65,2024-01-08
145,146,146,1,Add,55,2023-10-23
146,147,147,1,Remove,28,2024-02-20
147,148,148,1,Remove,26,2024-04-30
148,149,149,1,Remove,27,2023-10-19
149,150,150,1,Remove,41,2023-11-29
150,151,151,1,Add,40,2024-08-05
151,152,152,1,Add,1,2024-03-31
152,153,153,1,Remove,25,2024-01-14
153,154,154,1,Add,87,2024-02-12
154,155,155,1,Remove,42,2023-09-20
155,156,156,1,Remove,16,2023-10-28
156,157,157,1,Remove,16,2023-12-08
157,158,158,1,Remove,41,2024-03-09
158,159,159,1,Add,99,2023-10-30
159,160,160,1,Add,19,2023-10-26
160,161,161,1,Add,47,2023-09-01
161,162,162,1,Remove,4,2024-03-24
162,163,163,1,Add,74,2023-10-29
163,164,164,1,Add,27,2024-07-03
164,165,165,1,Remove,69,2024-06-16
165,166,166,1,Add,99,2023-09-01
166,167,167,1,Add,9,2023-11-02
167,168,168,1,Remove,6,2024-04-07
168,169,169,1,Remove,72,2023-10-24
169,170,170,1,Remove,62,2023-09-24
170,171,171,1,Add,1,2024-07-14
171,172,172,1,Add,98,2024-03-03
172,173,173,1,Add,97,2024-01-26
173,174,174,1,Add,65,2024-05-20
174,175,175,1,Remove,96,2024-05-28
175,176,176,1,Add,39,2023-10-15
176,177,177,1,Remove,54,2023-09-11
177,178,178,1,Remove,72,2024-01-11
178,179,179,1,Add,83,2024-01-09
179,180,180,1,Add,19,2024-01-24
180,181,181,1,Add,54,2024-04-29
181,182,182,1,Remove,100,2024-04-09
182,183,183,1,Add,76,2024-08-01
183,184,184,1,Add,85,2023-09-12
184,185,185,1,Add,6,2024-01-01
185,186,186,1,Remove,100,2023-12-09
186,187,187,1,Remove,46,2024-06-17
187,188,188,1,Remove,36,2023-11-06
188,189,189,1,Remove,39,2023-10-15
189,190,190,1,Remove,19,2024-01-18
190,191,191,1,Remove,25,2024-01-08
191,192,192,1,Remove,22,2023-11-16
192,193,193,1,Add,98,2023-11-06
193,194,194,1,Add,76,2024-07-09
194,195,195,1,Remove,37,2024-01-16
195,196,196,1,Add,87,2024-06-17
196,197,197,1,Add,12,2024-02-24
197,198,198,1,Add,65,2023-08-25
198,199,199,1,Remove,70,2024-08-06
199,200,200,1,Remove,27,2024-06-07
200,201,1,2,Remove,84,2024-07-26
201,202,2,2,Add,98,2024-07-11
202,203,3,2,Add,56,2024-06-12
203,204,4,2,Add,62,2023-10-06
204,205,5,2,Remove,27,2024-01-31
205,206,6,2,Add,88,2023-10-24
206,207,7,2,Remove,67,2023-12-31
207,208,8,2,Remove,59,2023-08-28
208,209,9,2,Add,17,2023-12-23
209,210,10,2,Remove,45,2024-08-01
210,211,11,2,Add,75,2023-11-12
211,212,12,2,Remove,12,2024-05-19
212,213,13,2,Remove,18,2024-01-20
213,214,14,2,Add,85,2024-01-08
214,215,15,2,Remove,59,2024-07-22
215,216,16,2,Add,14,2024-08-05
216,217,17,2,Remove,40,2024-02-26
217,218,18,2,Remove,99,2024-04-25
218,219,19,2,Remove,21,2023-10-02
219,220,20,2,Add,68,2023-11-23
220,221,21,2,Remove,15,2024-07-26
221,222,22,2,Add,3,2024-03-05
222,223,23,2,Remove,97,2024-02-21
223,224,24,2,Remove,78,2024-05-06
224,225,25,2,Add,74,2023-08-27
225,226,26,2,Add,87,2024-03-07
226,227,27,2,Remove,25,2024-02-07
227,228,28,2,Remove,89,2024-06-14
228,229,29,2,Add,99,2023-10-03
229,230,30,2,Remove,80,2024-07-23
230,231,31,2,Add,26,2023-09-05
231,232,32,2,Add,42,2023-10-14
232,233,33,2,Add,11,2024-03-11
233,234,34,2,Add,65,2024-04-10
234,235,35,2,Add,31,2023-11-01
235,236,36,2,Add,69,2023-09-19
236,237,37,2,Add,66,2024-06-27
237,238,38,2,Remove,32,2023-11-05
238,239,39,2,Remove,91,2024-03-11
239,240,40,2,Remove,70,2024-03-20
240,241,41,2,Add,68,2024-01-07
241,242,42,2,Add,39,2024-03-07
242,243,43,2,Remove,59,2024-02-14
243,244,44,2,Add,39,2024-07-14
244,245,45,2,Add,90,2023-10-20
245,246,46,2,Remove,88,2024-04-25
246,247,47,2,Add,3,2023-11-02
247,248,48,2,Add,63,2023-12-29
248,249,49,2,Remove,95,2024-04-08
249,250,50,2,Add,41,2023-11-24
250,251,51,2,Add,99,2023-11-30
251,252,52,2,Remove,24,2024-05-08
252,253,53,2,Add,74,2023-09-02
253,254,54,2,Remove,33,2024-01-21
254,255,55,2,Remove,73,2024-08-06
255,256,56,2,Remove,75,2024-08-05
256,257,57,2,Add,50,2023-09-02
257,258,58,2,Add,69,2023-10-24
258,259,59,2,Add,83,2023-11-12
259,260,60,2,Remove,68,2024-07-13
260,261,61,2,Add,57,2024-06-24
261,262,62,2,Add,33,2024-06-23
262,263,63,2,Remove,14,2023-12-20
263,264,64,2,Remove,30,2023-10-03
264,265,65,2,Add,16,2024-06-07
265,266,66,2,Add,91,2024-04-20
266,267,67,2,Add,33,2024-03-17
267,268,68,2,Add,33,2024-08-02
268,269,69,2,Add,39,2024-04-02
269,270,70,2,Add,9,2023-08-09
270,271,71,2,Remove,21,2024-06-01
271,272,72,2,Add,70,2023-11-24
272,273,73,2,Add,3,2024-04-05
273,274,74,2,Add,5,2024-07-15
274,275,75,2,Remove,18,2023-09-25
275,276,76,2,Add,77,2023-09-18
276,277,77,2,Add,9,2023-09-15
277,278,78,2,Remove,22,2024-02-25
278,279,79,2,Remove,79,2023-11-14
279,280,80,2,Add,77,2024-03-15
280,281,81,2,Remove,36,2024-04-25
281,282,82,2,Add,38,2023-10-20
282,283,83,2,Remove,9,2024-03-26
283,284,84,2,Add,17,2023-11-11
284,285,85,2,Remove,94,2024-02-01
285,286,86,2,Remove,88,2024-07-03
286,287,87,2,Add,87,2024-06-11
287,288,88,2,Add,33,2023-09-09
288,289,89,2,Remove,88,2024-01-09
289,290,90,2,Add,51,2023-11-16
290,291,91,2,Add,57,2023-08-08
291,292,92,2,Remove,73,2024-05-15
292,293,93,2,Add,90,2024-03-27
293,294,94,2,Remove,69,2023-11-10
294,295,95,2,Remove,75,2024-05-04
295,296,96,2,Add,39,2024-02-24
296,297,97,2,Remove,24,2024-01-10
297,298,98,2,Add,85,2023-08-10
298,299,99,2,Add,31,2023-09-03
299,300,100,2,Remove,79,2024-06-25
300,301,101,2,Add,98,2024-07-02
301,302,102,2,Add,1,2024-02-22
302,303,103,2,Add,23,2024-06-07
303,304,104,2,Add,22,2024-03-07
304,305,105,2,Remove,83,2023-09-30
305,306,106,2,Remove,22,2023-09-22
306,307,107,2,Remove,39,2023-11-27
307,308,108,2,Add,82,2024-07-01
308,309,109,2,Add,20,2024-05-24
309,310,110,2,Remove,30,2024-06-17
310,311,111,2,Add,5,2024-07-01
311,312,112,2,Remove,25,2023-10-22
312,313,113,2,Add,77,2023-11-06
313,314,114,2,Remove,51,2023-09-13
314,315,115,2,Remove,72,2024-05-18
315,316,116,2,Remove,97,2024-06-25
316,317,117,2,Remove,1,2024-01-02
317,318,118,2,Remove,41,2024-03-21
318,319,119,2,Remove,2,2023-10-02
319,320,120,2,Add,87,2024-07-12
320,321,121,2,Remove,66,2024-06-18
321,322,122,2,Remove,28,2024-07-29
322,323,123,2,Add,62,2024-05-29
323,324,124,2,Add,24,2024-06-24
324,325,125,2,Add,74,2023-08-16
325,326,126,2,Add,38,2024-05-02
326,327,127,2,Add,32,2023-12-06
327,328,128,2,Remove,44,2024-07-12
328,329,129,2,Add,69,2024-05-26
329,330,130,2,Remove,78,2024-06-18
330,331,131,2,Add,81,2024-05-29
331,332,132,2,Remove,80,2023-11-12
332,333,133,2,Add,99,2024-05-21
333,334,134,2,Remove,94,2023-09-15
334,335,135,2,Add,26,2024-06-21
335,336,136,2,Remove,99,2024-06-16
336,337,137,2,Add,10,2023-10-27
337,338,138,2,Add,2,2024-05-31
338,339,139,2,Remove,72,2024-01-22
339,340,140,2,Remove,97,2023-11-26
340,341,141,2,Remove,85,2024-05-24
341,342,142,2,Add,87,2023-10-29
342,343,143,2,Add,12,2023-08-15
343,344,144,2,Add,32,2023-10-16
344,345,145,2,Remove,97,2023-12-05
345,346,146,2,Remove,98,2024-06-18
346,347,147,2,Remove,94,2024-07-25
347,348,148,2,Remove,57,2023-11-17
348,349,149,2,Add,77,2024-03-28
349,350,150,2,Add,77,2023-12-31
350,351,151,2,Remove,98,2024-07-31
351,352,152,2,Add,7,2024-02-19
352,353,153,2,Remove,64,2024-07-15
353,354,154,2,Remove,20,2023-09-18
354,355,155,2,Add,94,2024-07-27
355,356,156,2,Add,53,2023-10-11
356,357,157,2,Add,92,2024-07-24
357,358,158,2,Remove,97,2023-11-12
358,359,159,2,Add,37,2023-09-15
359,360,160,2,Add,98,2024-01-13
360,361,161,2,Remove,75,2024-04-29
361,362,162,2,Remove,1,2023-11-29
362,363,163,2,Remove,21,2024-03-15
363,364,164,2,Remove,40,2024-02-10
364,365,165,2,Remove,45,2023-12-25
365,366,166,2,Add,88,2024-03-05
366,367,167,2,Add,16,2023-11-08
367,368,168,2,Add,12,2024-04-22
368,369,169,2,Remove,92,2023-08-07
369,370,170,2,Add,84,2024-07-10
370,371,171,2,Remove,93,2024-02-20
371,372,172,2,Remove,93,2024-04-26
372,373,173,2,Add,26,2024-05-04
373,374,174,2,Remove,68,2024-04-08
374,375,175,2,Remove,65,2023-12-18
375,376,176,2,Remove,78,2023-09-01
376,377,177,2,Add,39,2024-04-06
377,378,178,2,Remove,73,2023-12-05
378,379,179,2,Remove,22,2023-11-29
379,380,180,2,Remove,13,2024-06-12
380,381,181,2,Add,70,2024-04-26
381,382,182,2,Add,65,2023-11-24
382,383,183,2,Add,75,2023-11-28
383,384,184,2,Remove,30,2024-01-03
384,385,185,2,Add,93,2024-01-01
385,386,186,2,Remove,11,2023-11-23
386,387,187,2,Remove,63,2023-09-22
387,388,188,2,Remove,74,2024-01-07
388,389,189,2,Remove,33,2024-07-16
389,390,190,2,Remove,24,2024-04-10
390,391,191,2,Remove,74,2024-07-02
391,392,192,2,Remove,63,2024-03-19
392,393,193,2,Remove,54,2023-11-25
393,394,194,2,Add,10,2024-02-23
394,395,195,2,Add,18,2023-08-07
395,396,196,2,Remove,10,2023-11-20
396,397,197,2,Add,73,2024-01-11
397,398,198,2,Add,27,2024-03-06
398,399,199,2,Remove,62,2024-04-02
399,400,200,2,Add,14,2024-01-24
400,401,1,3,Add,59,2024-01-15
401,402,2,3,Add,90,2023-10-24
402,403,3,3,Remove,49,2024-01-27
403,404,4,3,Remove,91,2024-07-01
404,405,5,3,Remove,61,2024-05-24
405,406,6,3,Add,23,2023-10-08
406,407,7,3,Add,42,2023-09-07
407,408,8,3,Remove,96,2024-02-11
408,409,9,3,Remove,8,2024-03-25
409,410,10,3,Add,5,2023-12-07
410,411,11,3,Add,63,2024-06-01
411,412,12,3,Remove,15,2024-05-07
412,413,13,3,Add,79,2024-04-09
413,414,14,3,Add,91,2023-10-28
414,415,15,3,Add,59,2023-10-18
415,416,16,3,Add,15,2023-08-15
416,417,17,3,Add,3,2023-11-04
417,418,18,3,Remove,45,2024-01-27
418,419,19,3,Remove,86,2024-06-13
419,420,20,3,Remove,26,2023-09-02
420,421,21,3,Remove,36,2024-01-05
421,422,22,3,Add,92,2024-03-24
422,423,23,3,Add,17,2023-10-17
423,424,24,3,Remove,93,2024-04-17
424,425,25,3,Remove,53,2024-02-03
425,426,26,3,Remove,66,2023-11-04
426,427,27,3,Add,85,2024-04-03
427,428,28,3,Add,34,2023-08-09
428,429,29,3,Add,23,2024-05-07
429,430,30,3,Add,8,2024-05-14
430,431,31,3,Remove,26,2023-09-15
431,432,32,3,Remove,15,2024-01-09
432,433,33,3,Add,90,2023-10-10
433,434,34,3,Remove,20,2024-07-22
434,435,35,3,Add,29,2024-02-12
435,436,36,3,Remove,8,2023-08-25
436,437,37,3,Remove,66,2023-11-06
437,438,38,3,Remove,82,2024-06-12
438,439,39,3,Remove,22,2024-01-21
439,440,40,3,Add,25,2024-05-26
440,441,41,3,Add,49,2024-04-07
441,442,42,3,Add,75,2024-08-02
442,443,43,3,Remove,64,2024-03-11
443,444,44,3,Add,67,2024-07-19
444,445,45,3,Add,57,2024-06-28
445,446,46,3,Remove,35,2024-03-18
446,447,47,3,Add,40,2024-04-26
447,448,48,3,Remove,36,2024-02-07
448,449,49,3,Add,5,2024-06-05
449,450,50,3,Add,71,2024-02-23
450,451,51,3,Remove,74,2024-06-30
451,452,52,3,Remove,81,2024-05-05
452,453,53,3,Add,50,2024-01-27
453,454,54,3,Add,95,2023-11-09
454,455,55,3,Add,89,2023-11-05
455,456,56,3,Remove,15,2024-03-27
456,457,57,3,Add,70,2024-05-13
457,458,58,3,Add,93,2024-02-13
458,459,59,3,Remove,2,2024-03-23
459,460,60,3,Add,80,2023-11-15
460,461,61,3,Remove,67,2023-09-04
461,462,62,3,Add,75,2023-11-19
462,463,63,3,Add,96,2023-11-14
463,464,64,3,Remove,4,2023-12-02
464,465,65,3,Add,61,2024-02-20
465,466,66,3,Remove,1,2023-09-26
466,467,67,3,Add,5,2023-10-30
467,468,68,3,Remove,22,2024-04-16
468,469,69,3,Add,100,2024-04-21
469,470,70,3,Remove,97,2023-08-30
470,471,71,3,Add,77,2024-01-03
471,472,72,3,Add,67,2024-02-21
472,473,73,3,Add,19,2024-01-06
473,474,74,3,Add,44,2023-10-21
474,475,75,3,Add,52,2024-01-07
475,476,76,3,Add,72,2024-07-03
476,477,77,3,Remove,18,2024-03-07
477,478,78,3,Add,74,2024-04-17
478,479,79,3,Add,80,2024-06-15
479,480,80,3,Remove,92,2024-05-13
480,481,81,3,Remove,29,2023-12-24
481,482,82,3,Remove,5,2023-08-09
482,483,83,3,Add,47,2023-12-13
483,484,84,3,Remove,95,2024-05-08
484,485,85,3,Add,22,2024-06-14
485,486,86,3,Remove,16,2024-07-20
486,487,87,3,Add,46,2024-01-07
487,488,88,3,Add,16,2024-05-06
488,489,89,3,Remove,72,2024-02-22
489,490,90,3,Add,57,2024-03-14
490,491,91,3,Remove,78,2023-10-26
491,492,92,3,Add,31,2023-10-26
492,493,93,3,Add,99,2024-01-13
493,494,94,3,Remove,32,2023-08-17
494,495,95,3,Remove,13,2023-12-08
495,496,96,3,Remove,73,2024-04-11
496,497,97,3,Remove,63,2024-01-01
497,498,98,3,Remove,60,2023-10-06
498,499,99,3,Remove,2,2024-01-25
499,500,100,3,Add,44,2023-09-22
500,501,101,3,Add,44,2024-03-21
501,502,102,3,Remove,67,2023-08-16
502,503,103,3,Remove,78,2023-12-29
503,504,104,3,Remove,66,2024-02-29
504,505,105,3,Remove,83,2023-08-16
505,506,106,3,Remove,97,2024-03-29
506,507,107,3,Remove,99,2023-09-25
507,508,108,3,Add,48,2024-01-22
508,509,109,3,Add,8,2023-08-25
509,510,110,3,Add,98,2023-12-23
510,511,111,3,Remove,87,2023-10-23
511,512,112,3,Add,78,2023-12-04
512,513,113,3,Add,99,2024-05-11
513,514,114,3,Remove,90,2023-12-23
514,515,115,3,Remove,98,2024-05-08
515,516,116,3,Add,13,2024-06-06
516,517,117,3,Add,38,2023-11-07
517,518,118,3,Add,3,2023-09-05
518,519,119,3,Add,80,2023-08-14
519,520,120,3,Add,85,2024-02-20
520,521,121,3,Remove,95,2024-08-06
521,522,122,3,Add,3,2023-12-13
522,523,123,3,Add,71,2024-03-31
523,524,124,3,Remove,78,2024-05-18
524,525,125,3,Add,84,2024-04-01
525,526,126,3,Add,89,2024-05-09
526,527,127,3,Add,9,2024-07-19
527,528,128,3,Add,60,2023-10-18
528,529,129,3,Remove,21,2023-08-14
529,530,130,3,Add,1,2023-10-01
530,531,131,3,Add,24,2023-09-22
531,532,132,3,Add,72,2024-04-08
532,533,133,3,Add,36,2024-02-29
533,534,134,3,Remove,73,2023-10-25
534,535,135,3,Add,78,2024-04-19
535,536,136,3,Remove,74,2024-05-13
536,537,137,3,Add,58,2023-10-07
537,538,138,3,Remove,58,2024-03-16
538,539,139,3,Add,80,2024-05-06
539,540,140,3,Remove,65,2023-09-17
540,541,141,3,Remove,47,2024-06-01
541,542,142,3,Add,87,2024-07-25
542,543,143,3,Add,77,2023-09-15
543,544,144,3,Add,81,2023-08-16
544,545,145,3,Remove,2,2023-11-29
545,546,146,3,Add,71,2024-04-10
546,547,147,3,Remove,92,2024-07-22
547,548,148,3,Add,11,2023-12-30
548,549,149,3,Remove,43,2024-04-24
549,550,150,3,Remove,25,2023-09-03
550,551,151,3,Remove,70,2024-04-15
551,552,152,3,Add,14,2024-03-23
552,553,153,3,Add,49,2023-09-13
553,554,154,3,Remove,50,2024-05-15
554,555,155,3,Remove,14,2024-06-13
555,556,156,3,Add,94,2024-03-13
556,557,157,3,Remove,78,2023-09-20
557,558,158,3,Add,85,2024-08-01
558,559,159,3,Add,29,2024-05-19
559,560,160,3,Remove,32,2023-12-12
560,561,161,3,Remove,23,2024-01-10
561,562,162,3,Remove,7,2023-12-20
562,563,163,3,Add,9,2024-02-08
563,564,164,3,Add,51,2023-12-09
564,565,165,3,Remove,64,2024-06-12
565,566,166,3,Remove,29,2024-06-02
566,567,167,3,Add,80,2023-09-14
567,568,168,3,Add,16,2024-07-23
568,569,169,3,Add,2,2024-03-26
569,570,170,3,Add,58,2024-06-05
570,571,171,3,Remove,21,2024-04-21
571,572,172,3,Remove,95,2024-01-13
572,573,173,3,Add,43,2024-05-01
573,574,174,3,Add,70,2024-07-25
574,575,175,3,Add,3,2023-11-13
575,576,176,3,Add,22,2024-05-28
576,577,177,3,Remove,33,2024-02-19
577,578,178,3,Add,44,2024-01-30
578,579,179,3,Add,59,2024-01-13
579,580,180,3,Add,22,2024-04-30
580,581,181,3,Remove,45,2023-11-13
581,582,182,3,Remove,44,2024-06-13
582,583,183,3,Remove,9,2024-06-06
583,584,184,3,Add,85,2023-09-07
584,585,185,3,Remove,43,2024-06-24
585,586,186,3,Add,91,2023-11-04
586,587,187,3,Add,95,2024-01-24
587,588,188,3,Add,21,2024-03-17
588,589,189,3,Add,62,2023-12-23
589,590,190,3,Add,66,2023-08-17
590,591,191,3,Add,54,2024-06-13
591,592,192,3,Add,73,2023-10-12
592,593,193,3,Remove,81,2023-10-23
593,594,194,3,Remove,35,2024-05-25
594,595,195,3,Remove,73,2023-12-09
595,596,196,3,Remove,7,2024-06-24
596,597,197,3,Remove,23,2024-04-19
597,598,198,3,Add,5,2023-11-16
598,599,199,3,Add,22,2023-08-10
599,600,200,3,Remove,90,2024-07-18
600,601,1,4,Add,63,2023-09-07
601,602,2,4,Add,87,2024-04-26
602,603,3,4,Add,39,2024-02-01
603,604,4,4,Add,4,2024-05-10
604,605,5,4,Remove,24,2024-04-15
605,606,6,4,Remove,30,2024-03-30
606,607,7,4,Add,91,2024-02-02
607,608,8,4,Add,76,2024-05-23
608,609,9,4,Remove,13,2023-09-10
609,610,10,4,Remove,68,2023-10-27
610,611,11,4,Add,2,2024-04-16
611,612,12,4,Remove,38,2023-11-27
612,613,13,4,Remove,83,2024-03-06
613,614,14,4,Add,66,2024-01-27
614,615,15,4,Add,5,2024-02-17
615,616,16,4,Add,97,2024-01-09
616,617,17,4,Remove,15,2024-05-06
617,618,18,4,Remove,98,2023-12-06
618,619,19,4,Remove,34,2024-04-20
619,620,20,4,Remove,4,2023-11-14
620,621,21,4,Add,76,2023-11-07
621,622,22,4,Remove,64,2023-09-20
622,623,23,4,Add,51,2023-10-16
623,624,24,4,Remove,19,2023-09-19
624,625,25,4,Remove,60,2024-02-19
625,626,26,4,Add,2,2024-05-11
626,627,27,4,Remove,4,2023-10-13
627,628,28,4,Add,64,2023-10-25
628,629,29,4,Add,10,2024-01-31
629,630,30,4,Add,12,2024-04-28
630,631,31,4,Add,15,2024-07-29
631,632,32,4,Add,90,2024-02-15
632,633,33,4,Add,39,2023-11-18
633,634,34,4,Remove,96,2023-09-12
634,635,35,4,Add,45,2023-10-17
635,636,36,4,Remove,24,2023-10-29
636,637,37,4,Add,22,2023-10-11
637,638,38,4,Add,34,2023-08-12
638,639,39,4,Add,62,2024-02-18
639,640,40,4,Add,61,2023-11-15
640,641,41,4,Remove,32,2024-07-28
641,642,42,4,Add,32,2024-02-25
642,643,43,4,Remove,70,2024-04-18
643,644,44,4,Remove,66,2023-09-22
644,645,45,4,Add,62,2024-06-19
645,646,46,4,Remove,76,2024-02-02
646,647,47,4,Remove,36,2024-06-21
647,648,48,4,Add,23,2024-03-04
648,649,49,4,Remove,7,2024-01-25
649,650,50,4,Add,28,2024-01-15
650,651,51,4,Add,50,2023-10-13
651,652,52,4,Remove,21,2023-08-25
652,653,53,4,Remove,14,2024-07-16
653,654,54,4,Remove,53,2024-01-28
654,655,55,4,Remove,50,2024-06-02
655,656,56,4,Add,75,2023-12-31
656,657,57,4,Add,43,2023-09-03
657,658,58,4,Add,40,2024-03-24
658,659,59,4,Remove,57,2023-08-26
659,660,60,4,Remove,62,2023-09-30
660,661,61,4,Remove,85,2024-02-28
661,662,62,4,Remove,24,2023-11-26
662,663,63,4,Add,31,2024-08-04
663,664,64,4,Remove,36,2023-09-19
664,665,65,4,Add,44,2024-05-12
665,666,66,4,Remove,65,2024-03-15
666,667,67,4,Add,29,2024-05-22
667,668,68,4,Remove,97,2023-10-28
668,669,69,4,Add,9,2024-02-14
669,670,70,4,Remove,70,2024-01-18
670,671,71,4,Add,94,2024-01-16
671,672,72,4,Add,38,2024-06-16
672,673,73,4,Remove,54,2024-08-03
673,674,74,4,Add,8,2023-11-26
674,675,75,4,Add,34,2024-03-21
675,676,76,4,Remove,91,2024-03-17
676,677,77,4,Remove,91,2024-05-03
677,678,78,4,Add,41,2024-07-18
678,679,79,4,Remove,11,2023-10-22
679,680,80,4,Remove,57,2023-10-23
680,681,81,4,Add,32,2024-04-04
681,682,82,4,Remove,99,2023-10-03
682,683,83,4,Add,9,2023-10-09
683,684,84,4,Remove,17,2023-09-03
684,685,85,4,Remove,16,2023-08-07
685,686,86,4,Remove,42,2024-01-18
686,687,87,4,Add,49,2024-03-11
687,688,88,4,Add,64,2023-11-21
688,689,89,4,Add,96,2023-10-30
689,690,90,4,Add,93,2024-04-21
690,691,91,4,Add,60,2024-04-20
691,692,92,4,Add,67,2024-01-20
692,693,93,4,Remove,87,2024-04-14
693,694,94,4,Remove,46,2024-07-10
694,695,95,4,Add,14,2024-05-21
695,696,96,4,Remove,91,2024-03-22
696,697,97,4,Remove,48,2024-04-04
697,698,98,4,Add,57,2024-07-13
698,699,99,4,Add,91,2024-01-09
699,700,100,4,Add,96,2024-02-22
700,701,101,4,Remove,26,2024-03-31
701,702,102,4,Remove,42,2024-07-04
702,703,103,4,Remove,95,2024-06-04
703,704,104,4,Add,51,2023-09-02
704,705,105,4,Remove,60,2023-10-06
705,706,106,4,Remove,8,2023-11-27
706,707,107,4,Add,90,2024-05-07
707,708,108,4,Add,72,2024-03-02
708,709,109,4,Remove,69,2023-11-20
709,710,110,4,Remove,6,2023-09-21
710,711,111,4,Add,61,2024-04-15
711,712,112,4,Add,84,2024-04-19
712,713,113,4,Add,36,2024-07-17
713,714,114,4,Remove,69,2024-02-06
714,715,115,4,Add,16,2024-02-03
715,716,116,4,Remove,49,2023-09-05
716,717,117,4,Add,98,2023-08-21
717,718,118,4,Remove,25,2024-01-12
718,719,119,4,Add,33,2023-12-02
719,720,120,4,Remove,51,2023-11-06
720,721,121,4,Remove,5,2023-09-09
721,722,122,4,Remove,49,2024-07-24
722,723,123,4,Remove,12,2024-06-07
723,724,124,4,Add,9,2024-03-04
724,725,125,4,Remove,3,2024-07-19
725,726,126,4,Add,11,2024-08-06
726,727,127,4,Add,52,2024-04-09
727,728,128,4,Remove,72,2023-11-13
728,729,129,4,Remove,21,2023-08-21
729,730,130,4,Add,7,2024-05-09
730,731,131,4,Remove,36,2024-01-26
731,732,132,4,Remove,36,2024-04-01
732,733,133,4,Remove,69,2024-07-07
733,734,134,4,Add,56,2023-10-12
734,735,135,4,Add,18,2024-03-08
735,736,136,4,Add,11,2024-03-26
736,737,137,4,Remove,29,2024-02-02
737,738,138,4,Add,77,2023-09-09
738,739,139,4,Add,81,2023-12-12
739,740,140,4,Add,62,2023-12-06
740,741,141,4,Remove,11,2024-04-08
741,742,142,4,Remove,35,2024-06-15
742,743,143,4,Remove,56,2023-12-05
743,744,144,4,Add,80,2024-04-16
744,745,145,4,Remove,69,2023-11-20
745,746,146,4,Remove,76,2024-07-17
746,747,147,4,Add,47,2024-05-30
747,748,148,4,Add,90,2024-02-24
748,749,149,4,Remove,56,2024-01-20
749,750,150,4,Remove,28,2023-11-30
750,751,151,4,Remove,13,2023-12-03
751,752,152,4,Remove,20,2024-07-27
752,753,153,4,Remove,37,2024-01-01
753,754,154,4,Remove,52,2024-02-11
754,755,155,4,Remove,30,2024-08-02
755,756,156,4,Add,53,2024-04-03
756,757,157,4,Remove,20,2024-02-21
757,758,158,4,Remove,56,2024-01-05
758,759,159,4,Remove,6,2023-10-14
759,760,160,4,Add,28,2023-12-17
760,761,161,4,Remove,17,2024-05-09
761,762,162,4,Remove,99,2024-03-22
762,763,163,4,Remove,96,2024-05-11
763,764,164,4,Add,80,2023-10-20
764,765,165,4,Add,90,2024-02-24
765,766,166,4,Add,21,2024-07-11
766,767,167,4,Remove,20,2024-01-14
767,768,168,4,Remove,79,2024-04-18
768,769,169,4,Add,74,2023-09-20
769,770,170,4,Remove,99,2024-07-28
770,771,171,4,Add,35,2024-03-16
771,772,172,4,Add,47,2023-11-02
772,773,173,4,Remove,32,2023-10-03
773,774,174,4,Remove,55,2024-02-24
774,775,175,4,Remove,6,2024-02-25
775,776,176,4,Add,34,2023-09-10
776,777,177,4,Add,89,2024-08-04
777,778,178,4,Remove,18,2024-07-06
778,779,179,4,Add,54,2024-01-22
779,780,180,4,Add,76,2023-09-18
780,781,181,4,Remove,60,2024-06-06
781,782,182,4,Remove,7,2024-02-05
782,783,183,4,Add,67,2024-04-25
783,784,184,4,Remove,94,2024-02-09
784,785,185,4,Add,38,2023-11-15
785,786,186,4,Add,92,2024-06-07
786,787,187,4,Remove,5,2024-07-30
787,788,188,4,Remove,36,2023-11-04
788,789,189,4,Remove,72,2024-02-24
789,790,190,4,Remove,5,2023-12-25
790,791,191,4,Add,82,2024-07-09
791,792,192,4,Add,100,2024-02-09
792,793,193,4,Add,86,2024-06-23
793,794,194,4,Add,5,2024-06-18
794,795,195,4,Add,12,2023-11-16
795,796,196,4,Remove,50,2024-05-22
796,797,197,4,Add,45,2024-01-05
797,798,198,4,Add,27,2024-07-13
798,799,199,4,Add,42,2024-02-08
799,800,200,4,Add,22,2024-06-02
800,801,1,5,Add,64,2023-11-18
801,802,2,5,Add,62,2023-11-24
802,803,3,5,Remove,79,2024-03-08
803,804,4,5,Add,47,2024-08-06
804,805,5,5,Add,32,2024-02-02
805,806,6,5,Add,79,2023-09-30
806,807,7,5,Remove,43,2024-02-20
807,808,8,5,Add,68,2023-12-11
808,809,9,5,Add,45,2024-02-25
809,810,10,5,Remove,77,2024-02-21
810,811,11,5,Remove,73,2024-01-20
811,812,12,5,Add,84,2023-12-02
812,813,13,5,Add,30,2023-10-15
813,814,14,5,Add,24,2024-04-18
814,815,15,5,Add,13,2024-03-03
815,816,16,5,Remove,86,2023-10-31
816,817,17,5,Add,94,2024-05-16
817,818,18,5,Remove,24,2023-08-22
818,819,19,5,Add,69,2024-05-05
819,820,20,5,Remove,12,2024-04-21
820,821,21,5,Add,12,2024-05-29
821,822,22,5,Remove,7,2023-12-26
822,823,23,5,Add,66,2024-04-05
823,824,24,5,Remove,84,2024-06-02
824,825,25,5,Remove,85,2024-07-30
825,826,26,5,Remove,34,2024-02-04
826,827,27,5,Remove,54,2023-08-20
827,828,28,5,Remove,90,2024-02-06
828,829,29,5,Remove,96,2024-03-10
829,830,30,5,Add,4,2024-06-20
830,831,31,5,Remove,15,2024-06-21
831,832,32,5,Add,55,2024-01-15
832,833,33,5,Remove,100,2024-02-15
833,834,34,5,Add,19,2024-01-21
834,835,35,5,Remove,96,2024-04-27
835,836,36,5,Add,32,2024-01-04
836,837,37,5,Remove,20,2024-04-02
837,838,38,5,Add,100,2023-10-02
838,839,39,5,Add,77,2024-01-25
839,840,40,5,Add,74,2024-07-26
840,841,41,5,Remove,63,2023-12-08
841,842,42,5,Add,17,2024-04-16
842,843,43,5,Remove,87,2024-03-31
843,844,44,5,Add,89,2024-06-13
844,845,45,5,Add,75,2024-06-13
845,846,46,5,Remove,60,2024-06-16
846,847,47,5,Add,66,2023-12-24
847,848,48,5,Add,8,2023-11-30
848,849,49,5,Remove,76,2024-04-26
849,850,50,5,Remove,48,2024-05-10
850,851,51,5,Remove,44,2024-06-21
851,852,52,5,Remove,13,2023-08-20
852,853,53,5,Remove,6,2023-09-01
853,854,54,5,Remove,68,2024-03-25
854,855,55,5,Remove,49,2024-07-09
855,856,56,5,Add,17,2024-08-06
856,857,57,5,Add,4,2024-05-06
857,858,58,5,Remove,58,2024-01-12
858,859,59,5,Add,32,2023-09-12
859,860,60,5,Add,69,2024-03-25
860,861,61,5,Add,97,2024-06-21
861,862,62,5,Remove,62,2024-01-16
862,863,63,5,Add,53,2024-04-17
863,864,64,5,Add,93,2024-07-02
864,865,65,5,Add,94,2023-08-23
865,866,66,5,Add,34,2024-05-24
866,867,67,5,Remove,43,2023-11-22
867,868,68,5,Add,67,2023-12-22
868,869,69,5,Add,56,2023-09-29
869,870,70,5,Remove,18,2024-02-17
870,871,71,5,Remove,12,2024-03-01
871,872,72,5,Add,49,2024-05-23
872,873,73,5,Remove,11,2023-10-08
873,874,74,5,Remove,39,2023-09-04
874,875,75,5,Remove,91,2024-06-20
875,876,76,5,Add,23,2024-03-20
876,877,77,5,Add,66,2023-11-03
877,878,78,5,Add,29,2024-07-06
878,879,79,5,Add,58,2023-09-28
879,880,80,5,Add,89,2024-01-22
880,881,81,5,Add,15,2023-11-07
881,882,82,5,Remove,31,2023-11-08
882,883,83,5,Remove,49,2023-08-10
883,884,84,5,Remove,22,2024-05-27
884,885,85,5,Remove,29,2024-07-01
885,886,86,5,Add,79,2024-04-11
886,887,87,5,Add,74,2023-10-03
887,888,88,5,Add,1,2024-01-15
888,889,89,5,Add,96,2023-12-11
889,890,90,5,Add,21,2024-03-09
890,891,91,5,Remove,79,2024-03-27
891,892,92,5,Remove,99,2024-01-09
892,893,93,5,Remove,1,2023-11-06
893,894,94,5,Add,17,2024-06-11
894,895,95,5,Add,15,2023-10-18
895,896,96,5,Remove,95,2023-12-25
896,897,97,5,Remove,32,2024-01-30
897,898,98,5,Remove,52,2023-11-01
898,899,99,5,Remove,8,2024-03-03
899,900,100,5,Remove,57,2024-03-04
900,901,101,5,Remove,32,2024-08-04
901,902,102,5,Remove,32,2023-11-23
902,903,103,5,Remove,14,2024-07-29
903,904,104,5,Add,87,2024-04-03
904,905,105,5,Add,39,2023-11-15
905,906,106,5,Add,98,2024-03-01
906,907,107,5,Add,6,2024-04-14
907,908,108,5,Add,7,2024-05-05
908,909,109,5,Remove,71,2023-08-24
909,910,110,5,Remove,76,2024-03-15
910,911,111,5,Remove,70,2024-02-04
911,912,112,5,Add,24,2024-07-02
912,913,113,5,Remove,66,2023-11-19
913,914,114,5,Remove,66,2024-05-25
914,915,115,5,Add,67,2024-03-16
915,916,116,5,Add,33,2023-12-13
916,917,117,5,Remove,5,2024-03-27
917,918,118,5,Remove,82,2024-03-21
918,919,119,5,Remove,56,2024-04-11
919,920,120,5,Remove,77,2024-04-26
920,921,121,5,Add,87,2024-04-04
921,922,122,5,Remove,21,2024-06-08
922,923,123,5,Add,66,2024-03-23
923,924,124,5,Remove,74,2024-07-02
924,925,125,5,Remove,49,2024-03-30
925,926,126,5,Remove,2,2023-11-28
926,927,127,5,Add,47,2024-01-15
927,928,128,5,Remove,38,2024-03-06
928,929,129,5,Add,15,2024-05-01
929,930,130,5,Remove,60,2023-09-08
930,931,131,5,Remove,48,2023-11-23
931,932,132,5,Add,43,2024-05-06
932,933,133,5,Remove,20,2023-10-10
933,934,134,5,Add,37,2023-09-24
934,935,135,5,Remove,8,2024-02-20
935,936,136,5,Add,47,2024-07-27
936,937,137,5,Add,45,2024-02-17
937,938,138,5,Add,7,2024-07-06
938,939,139,5,Add,68,2024-06-05
939,940,140,5,Add,73,2023-11-09
940,941,141,5,Remove,49,2024-06-03
941,942,142,5,Remove,61,2024-01-30
942,943,143,5,Add,42,2024-05-28
943,944,144,5,Add,63,2024-05-06
944,945,145,5,Remove,5,2023-12-08
945,946,146,5,Add,72,2023-09-18
946,947,147,5,Add,79,2024-07-24
947,948,148,5,Add,13,2023-09-27
948,949,149,5,Remove,24,2024-07-25
949,950,150,5,Remove,32,2024-06-16
950,951,151,5,Add,56,2024-04-28
951,952,152,5,Remove,97,2024-07-30
952,953,153,5,Remove,45,2024-07-26
953,954,154,5,Add,74,2024-05-27
954,955,155,5,Remove,15,2023-12-18
955,956,156,5,Add,69,2024-05-22
956,957,157,5,Add,73,2023-08-12
957,958,158,5,Add,56,2024-02-19
958,959,159,5,Add,39,2024-01-20
959,960,160,5,Add,49,2024-04-09
960,961,161,5,Remove,68,2024-04-09
961,962,162,5,Remove,81,2024-03-07
962,963,163,5,Remove,49,2024-06-03
963,964,164,5,Add,35,2024-07-16
964,965,165,5,Add,58,2023-09-15
965,966,166,5,Remove,33,2023-10-31
966,967,167,5,Remove,77,2023-08-16
967,968,168,5,Remove,85,2024-06-25
968,969,169,5,Add,72,2024-02-28
969,970,170,5,Add,94,2024-07-06
970,971,171,5,Remove,31,2023-10-27
971,972,172,5,Add,99,2023-08-30
972,973,173,5,Remove,83,2024-06-03
973,974,174,5,Add,5,2024-07-04
974,975,175,5,Add,100,2023-11-25
975,976,176,5,Add,51,2024-01-03
976,977,177,5,Add,26,2023-09-27
977,978,178,5,Add,5,2024-07-18
978,979,179,5,Add,1,2023-11-26
979,980,180,5,Add,8,2024-02-03
980,981,181,5,Add,81,2023-09-11
981,982,182,5,Add,19,2024-06-26
982,983,183,5,Remove,25,2023-09-25
983,984,184,5,Remove,51,2024-01-20
984,985,185,5,Add,91,2024-04-08
985,986,186,5,Remove,41,2024-05-04
986,987,187,5,Add,28,2024-07-18
987,988,188,5,Add,40,2024-01-07
988,989,189,5,Remove,86,2024-05-04
989,990,190,5,Add,57,2023-10-02
990,991,191,5,Remove,60,2024-01-05
991,992,192,5,Remove,43,2023-09-12
992,993,193,5,Add,37,2024-02-02
993,994,194,5,Add,30,2024-01-03
994,995,195,5,Add,65,2024-07-20
995,996,196,5,Add,12,2023-08-18
996,997,197,5,Remove,6,2023-12-20
997,998,198,5,Add,45,2024-01-16
998,999,199,5,Add,78,2024-07-19
999,1000,200,5,Add,22,2024-06-15
