,OrderID,CustomerID,OrderDate
0,1,195,2024-03-28
1,2,211,2023-08-16
2,3,286,2023-11-15
3,4,142,2023-10-27
4,5,245,2024-05-02
5,6,226,2024-04-10
6,7,492,2024-06-28
7,8,161,2023-09-07
8,9,48,2024-01-08
9,10,477,2023-08-17
10,11,25,2023-10-26
11,12,104,2024-02-07
12,13,286,2023-08-16
13,14,433,2023-10-18
14,15,219,2024-03-31
15,16,36,2024-02-22
16,17,6,2023-10-26
17,18,94,2024-03-09
18,19,496,2024-05-29
19,20,318,2023-08-09
20,21,33,2024-05-27
21,22,388,2024-04-18
22,23,452,2023-12-09
23,24,404,2023-10-02
24,25,476,2024-07-22
25,26,379,2023-12-08
26,27,54,2023-09-09
27,28,87,2023-09-11
28,29,330,2024-06-12
29,30,311,2024-03-14
30,31,305,2024-05-28
31,32,333,2024-04-30
32,33,268,2024-02-19
33,34,53,2024-07-28
34,35,334,2023-12-23
35,36,406,2024-02-25
36,37,264,2024-06-05
37,38,450,2024-03-20
38,39,1,2024-06-17
39,40,322,2024-03-05
40,41,411,2024-04-20
41,42,244,2023-08-23
42,43,247,2023-10-29
43,44,109,2023-11-20
44,45,153,2023-09-05
45,46,216,2023-10-31
46,47,219,2023-09-12
47,48,131,2023-11-16
48,49,260,2024-03-26
49,50,85,2023-12-18
50,51,105,2023-12-20
51,52,40,2023-10-22
52,53,373,2023-11-12
53,54,196,2024-07-14
54,55,491,2024-03-31
55,56,126,2024-03-16
56,57,56,2023-10-08
57,58,297,2024-04-29
58,59,190,2023-10-05
59,60,423,2023-12-23
60,61,58,2024-08-03
61,62,482,2024-03-28
62,63,145,2024-02-26
63,64,245,2024-04-13
64,65,461,2024-06-10
65,66,430,2024-05-17
66,67,51,2023-10-29
67,68,255,2023-08-18
68,69,111,2023-11-30
69,70,15,2023-11-12
70,71,257,2023-10-23
71,72,212,2024-07-17
72,73,305,2024-06-22
73,74,79,2023-11-30
74,75,208,2024-04-02
75,76,224,2023-12-29
76,77,332,2024-07-06
77,78,9,2024-01-21
78,79,353,2023-11-11
79,80,331,2023-11-05
80,81,488,2024-02-28
81,82,482,2023-11-11
82,83,442,2024-03-07
83,84,296,2024-06-30
84,85,80,2023-12-31
85,86,283,2023-10-26
86,87,389,2024-08-06
87,88,184,2024-02-09
88,89,45,2023-09-09
89,90,83,2023-08-24
90,91,26,2023-09-16
91,92,455,2024-03-23
92,93,104,2024-05-22
93,94,48,2024-01-08
94,95,380,2023-08-30
95,96,95,2023-12-24
96,97,354,2024-08-05
97,98,13,2024-02-16
98,99,417,2024-07-27
99,100,383,2024-06-17
100,101,437,2023-08-11
101,102,335,2024-04-26
102,103,489,2024-04-12
103,104,130,2024-02-19
104,105,80,2023-11-12
105,106,311,2024-03-28
106,107,467,2023-09-16
107,108,30,2024-01-13
108,109,115,2024-01-20
109,110,422,2024-07-21
110,111,344,2024-06-22
111,112,449,2023-11-11
112,113,83,2024-02-06
113,114,216,2023-10-11
114,115,451,2024-07-06
115,116,112,2024-06-20
116,117,310,2023-11-24
117,118,498,2024-03-27
118,119,406,2024-03-16
119,120,78,2023-10-01
120,121,126,2024-05-12
121,122,324,2024-02-20
122,123,162,2024-05-17
123,124,106,2024-02-17
124,125,139,2023-08-07
125,126,477,2023-12-03
126,127,296,2023-08-14
127,128,443,2024-07-12
128,129,318,2024-06-23
129,130,344,2024-06-06
130,131,170,2023-11-27
131,132,402,2023-08-28
132,133,226,2024-06-23
133,134,3,2024-07-18
134,135,477,2023-09-07
135,136,491,2024-01-31
136,137,148,2023-09-01
137,138,229,2024-05-11
138,139,49,2024-05-13
139,140,12,2023-09-22
140,141,229,2024-01-27
141,142,100,2024-02-24
142,143,43,2023-11-12
143,144,442,2024-06-21
144,145,84,2024-01-08
145,146,195,2023-10-23
146,147,150,2024-02-20
147,148,444,2024-04-30
148,149,155,2023-10-19
149,150,284,2023-11-29
150,151,153,2024-08-05
151,152,324,2024-03-31
152,153,181,2024-01-14
153,154,476,2024-02-12
154,155,380,2023-09-20
155,156,205,2023-10-28
156,157,317,2023-12-08
157,158,28,2024-03-09
158,159,101,2023-10-30
159,160,1,2023-10-26
160,161,104,2023-09-01
161,162,158,2024-03-24
162,163,255,2023-10-29
163,164,282,2024-07-03
164,165,268,2024-06-16
165,166,410,2023-09-01
166,167,275,2023-11-02
167,168,239,2024-04-07
168,169,288,2023-10-24
169,170,125,2023-09-24
170,171,340,2024-07-14
171,172,468,2024-03-03
172,173,378,2024-01-26
173,174,67,2024-05-20
174,175,25,2024-05-28
175,176,162,2023-10-15
176,177,327,2023-09-11
177,178,130,2024-01-11
178,179,448,2024-01-09
179,180,237,2024-01-24
180,181,53,2024-04-29
181,182,400,2024-04-09
182,183,103,2024-08-01
183,184,202,2023-09-12
184,185,384,2024-01-01
185,186,494,2023-12-09
186,187,16,2024-06-17
187,188,423,2023-11-06
188,189,12,2023-10-15
189,190,267,2024-01-18
190,191,215,2024-01-08
191,192,310,2023-11-16
192,193,198,2023-11-06
193,194,252,2024-07-09
194,195,63,2024-01-16
195,196,47,2024-06-17
196,197,232,2024-02-24
197,198,186,2023-08-25
198,199,349,2024-08-06
199,200,468,2024-06-07
200,201,209,2024-07-26
201,202,399,2024-07-11
202,203,209,2024-06-12
203,204,494,2023-10-06
204,205,32,2024-01-31
205,206,436,2023-10-24
206,207,100,2023-12-31
207,208,37,2023-08-28
208,209,68,2023-12-23
209,210,225,2024-08-01
210,211,150,2023-11-12
211,212,59,2024-05-19
212,213,433,2024-01-20
213,214,70,2024-01-08
214,215,83,2024-07-22
215,216,178,2024-08-05
216,217,57,2024-02-26
217,218,269,2024-04-25
218,219,217,2023-10-02
219,220,470,2023-11-23
220,221,444,2024-07-26
221,222,365,2024-03-05
222,223,483,2024-02-21
223,224,265,2024-05-06
224,225,400,2023-08-27
225,226,474,2024-03-07
226,227,142,2024-02-07
227,228,442,2024-06-14
228,229,10,2023-10-03
229,230,153,2024-07-23
230,231,379,2023-09-05
231,232,332,2023-10-14
232,233,72,2024-03-11
233,234,414,2024-04-10
234,235,412,2023-11-01
235,236,157,2023-09-19
236,237,62,2024-06-27
237,238,350,2023-11-05
238,239,190,2024-03-11
239,240,186,2024-03-20
240,241,175,2024-01-07
241,242,195,2024-03-07
242,243,402,2024-02-14
243,244,237,2024-07-14
244,245,196,2023-10-20
245,246,360,2024-04-25
246,247,233,2023-11-02
247,248,40,2023-12-29
248,249,332,2024-04-08
249,250,382,2023-11-24
250,251,369,2023-11-30
251,252,318,2024-05-08
252,253,148,2023-09-02
253,254,451,2024-01-21
254,255,315,2024-08-06
255,256,99,2024-08-05
256,257,283,2023-09-02
257,258,222,2023-10-24
258,259,323,2023-11-12
259,260,403,2024-07-13
260,261,375,2024-06-24
261,262,496,2024-06-23
262,263,42,2023-12-20
263,264,216,2023-10-03
264,265,359,2024-06-07
265,266,25,2024-04-20
266,267,41,2024-03-17
267,268,427,2024-08-02
268,269,142,2024-04-02
269,270,397,2023-08-09
270,271,419,2024-06-01
271,272,168,2023-11-24
272,273,281,2024-04-05
273,274,315,2024-07-15
274,275,380,2023-09-25
275,276,21,2023-09-18
276,277,405,2023-09-15
277,278,239,2024-02-25
278,279,82,2023-11-14
279,280,162,2024-03-15
280,281,392,2024-04-25
281,282,409,2023-10-20
282,283,378,2024-03-26
283,284,19,2023-11-11
284,285,171,2024-02-01
285,286,87,2024-07-03
286,287,446,2024-06-11
287,288,84,2023-09-09
288,289,114,2024-01-09
289,290,375,2023-11-16
290,291,331,2023-08-08
291,292,479,2024-05-15
292,293,460,2024-03-27
293,294,438,2023-11-10
294,295,205,2024-05-04
295,296,197,2024-02-24
296,297,207,2024-01-10
297,298,480,2023-08-10
298,299,490,2023-09-03
299,300,134,2024-06-25
300,301,100,2024-07-02
301,302,434,2024-02-22
302,303,340,2024-06-07
303,304,59,2024-03-07
304,305,22,2023-09-30
305,306,111,2023-09-22
306,307,231,2023-11-27
307,308,230,2024-07-01
308,309,347,2024-05-24
309,310,479,2024-06-17
310,311,149,2024-07-01
311,312,216,2023-10-22
312,313,265,2023-11-06
313,314,355,2023-09-13
314,315,66,2024-05-18
315,316,367,2024-06-25
316,317,382,2024-01-02
317,318,391,2024-03-21
318,319,190,2023-10-02
319,320,305,2024-07-12
320,321,327,2024-06-18
321,322,484,2024-07-29
322,323,350,2024-05-29
323,324,363,2024-06-24
324,325,477,2023-08-16
325,326,239,2024-05-02
326,327,385,2023-12-06
327,328,496,2024-07-12
328,329,394,2024-05-26
329,330,377,2024-06-18
330,331,276,2024-05-29
331,332,374,2023-11-12
332,333,129,2024-05-21
333,334,245,2023-09-15
334,335,125,2024-06-21
335,336,247,2024-06-16
336,337,207,2023-10-27
337,338,53,2024-05-31
338,339,172,2024-01-22
339,340,414,2023-11-26
340,341,146,2024-05-24
341,342,29,2023-10-29
342,343,421,2023-08-15
343,344,116,2023-10-16
344,345,323,2023-12-05
345,346,272,2024-06-18
346,347,80,2024-07-25
347,348,20,2023-11-17
348,349,419,2024-03-28
349,350,23,2023-12-31
350,351,72,2024-07-31
351,352,463,2024-02-19
352,353,17,2024-07-15
353,354,132,2023-09-18
354,355,56,2024-07-27
355,356,129,2023-10-11
356,357,167,2024-07-24
357,358,480,2023-11-12
358,359,33,2023-09-15
359,360,343,2024-01-13
360,361,374,2024-04-29
361,362,475,2023-11-29
362,363,176,2024-03-15
363,364,382,2024-02-10
364,365,331,2023-12-25
365,366,358,2024-03-05
366,367,361,2023-11-08
367,368,243,2024-04-22
368,369,266,2023-08-07
369,370,335,2024-07-10
370,371,359,2024-02-20
371,372,341,2024-04-26
372,373,192,2024-05-04
373,374,484,2024-04-08
374,375,361,2023-12-18
375,376,177,2023-09-01
376,377,194,2024-04-06
377,378,451,2023-12-05
378,379,348,2023-11-29
379,380,384,2024-06-12
380,381,488,2024-04-26
381,382,261,2023-11-24
382,383,67,2023-11-28
383,384,295,2024-01-03
384,385,411,2024-01-01
385,386,418,2023-11-23
386,387,262,2023-09-22
387,388,105,2024-01-07
388,389,78,2024-07-16
389,390,125,2024-04-10
390,391,24,2024-07-02
391,392,332,2024-03-19
392,393,454,2023-11-25
393,394,164,2024-02-23
394,395,239,2023-08-07
395,396,265,2023-11-20
396,397,49,2024-01-11
397,398,198,2024-03-06
398,399,123,2024-04-02
399,400,303,2024-01-24
400,401,391,2024-01-15
401,402,469,2023-10-24
402,403,1,2024-01-27
403,404,225,2024-07-01
404,405,483,2024-05-24
405,406,427,2023-10-08
406,407,90,2023-09-07
407,408,184,2024-02-11
408,409,257,2024-03-25
409,410,444,2023-12-07
410,411,301,2024-06-01
411,412,76,2024-05-07
412,413,371,2024-04-09
413,414,303,2023-10-28
414,415,72,2023-10-18
415,416,493,2023-08-15
416,417,423,2023-11-04
417,418,60,2024-01-27
418,419,47,2024-06-13
419,420,400,2023-09-02
420,421,157,2024-01-05
421,422,49,2024-03-24
422,423,393,2023-10-17
423,424,320,2024-04-17
424,425,34,2024-02-03
425,426,123,2023-11-04
426,427,467,2024-04-03
427,428,288,2023-08-09
428,429,407,2024-05-07
429,430,146,2024-05-14
430,431,138,2023-09-15
431,432,32,2024-01-09
432,433,392,2023-10-10
433,434,236,2024-07-22
434,435,449,2024-02-12
435,436,208,2023-08-25
436,437,490,2023-11-06
437,438,433,2024-06-12
438,439,249,2024-01-21
439,440,21,2024-05-26
440,441,17,2024-04-07
441,442,3,2024-08-02
442,443,456,2024-03-11
443,444,124,2024-07-19
444,445,161,2024-06-28
445,446,462,2024-03-18
446,447,402,2024-04-26
447,448,246,2024-02-07
448,449,363,2024-06-05
449,450,445,2024-02-23
450,451,180,2024-06-30
451,452,277,2024-05-05
452,453,256,2024-01-27
453,454,184,2023-11-09
454,455,161,2023-11-05
455,456,430,2024-03-27
456,457,197,2024-05-13
457,458,473,2024-02-13
458,459,78,2024-03-23
459,460,409,2023-11-15
460,461,370,2023-09-04
461,462,466,2023-11-19
462,463,271,2023-11-14
463,464,152,2023-12-02
464,465,156,2024-02-20
465,466,360,2023-09-26
466,467,5,2023-10-30
467,468,354,2024-04-16
468,469,138,2024-04-21
469,470,16,2023-08-30
470,471,126,2024-01-03
471,472,146,2024-02-21
472,473,436,2024-01-06
473,474,169,2023-10-21
474,475,36,2024-01-07
475,476,421,2024-07-03
476,477,174,2024-03-07
477,478,28,2024-04-17
478,479,428,2024-06-15
479,480,331,2024-05-13
480,481,50,2023-12-24
481,482,301,2023-08-09
482,483,334,2023-12-13
483,484,9,2024-05-08
484,485,206,2024-06-14
485,486,464,2024-07-20
486,487,212,2024-01-07
487,488,317,2024-05-06
488,489,262,2024-02-22
489,490,123,2024-03-14
490,491,154,2023-10-26
491,492,174,2023-10-26
492,493,137,2024-01-13
493,494,122,2023-08-17
494,495,315,2023-12-08
495,496,138,2024-04-11
496,497,108,2024-01-01
497,498,408,2023-10-06
498,499,173,2024-01-25
499,500,259,2023-09-22
